,user_id,movie_id
0,1,1172
1,1,1262
2,1,1272
3,1,4993
4,1,7153
5,2,50
6,2,2571
7,2,2959
8,2,296
9,2,318
10,3,5952
11,3,7153
12,3,3703
13,3,2288
14,3,4993
15,4,910
16,4,1207
17,4,1203
18,4,1262
19,4,953
20,5,50
21,5,356
22,5,593
23,5,527
24,5,318
25,6,587
26,6,1035
27,6,595
28,6,1097
29,6,356
30,7,1
31,7,457
32,7,593
33,7,260
34,7,318
35,8,527
36,8,356
37,8,593
38,8,110
39,8,318
40,9,7153
41,9,260
42,9,4993
43,9,296
44,9,318
45,10,5378
46,10,4447
47,10,41566
48,10,4718
49,10,3753
50,11,527
51,11,593
52,11,2571
53,11,110
54,11,318
55,12,110
56,12,457
57,12,527
58,12,356
59,12,318
60,13,50
61,13,110
62,13,2571
63,13,296
64,13,318
65,14,527
66,14,593
67,14,318
68,14,110
69,14,356
70,15,778
71,15,318
72,15,356
73,15,2324
74,15,110
75,16,4993
76,16,858
77,16,7153
78,16,296
79,16,318
80,17,527
81,17,50
82,17,296
83,17,260
84,17,318
85,18,1262
86,18,306
87,18,2067
88,18,1223
89,18,1104
90,19,1196
91,19,7153
92,19,5952
93,19,4993
94,19,260
95,20,5618
96,20,337
97,20,1035
98,20,318
99,20,527
100,21,2572
101,21,333
102,21,3916
103,21,3082
104,21,3753
105,22,318
106,22,296
107,22,527
108,22,110
109,22,593
110,23,541
111,23,4993
112,23,296
113,23,750
114,23,858
115,24,260
116,24,7153
117,24,4993
118,24,2571
119,24,318
120,25,2571
121,25,2959
122,25,50
123,25,296
124,25,318
125,26,356
126,26,593
127,26,296
128,26,110
129,26,318
130,27,457
131,27,527
132,27,356
133,27,318
134,27,1035
135,28,1274
136,28,1269
137,28,1204
138,28,1200
139,28,1250
140,29,5952
141,29,7153
142,29,260
143,29,4993
144,29,318
145,30,457
146,30,2571
147,30,260
148,30,58559
149,30,318
150,31,457
151,31,593
152,31,527
153,31,356
154,31,318
155,32,260
156,32,50
157,32,593
158,32,527
159,32,318
160,33,50
161,33,1203
162,33,527
163,33,5618
164,33,318
165,34,81834
166,34,4993
167,34,8368
168,34,60069
169,34,58559
170,35,527
171,35,593
172,35,356
173,35,110
174,35,318
175,36,260
176,36,318
177,36,5952
178,36,7153
179,36,4993
180,37,296
181,37,593
182,37,356
183,37,110
184,37,318
185,38,593
186,38,457
187,38,356
188,38,527
189,38,318
190,39,2959
191,39,50
192,39,858
193,39,4993
194,39,296
195,40,356
196,40,50
197,40,593
198,40,527
199,40,318
200,41,4878
201,41,92259
202,41,3949
203,41,2324
204,41,55247
205,42,1222
206,42,1200
207,42,541
208,42,778
209,42,1274
210,43,457
211,43,318
212,43,1
213,43,1270
214,43,356
215,44,110
216,44,296
217,44,50
218,44,356
219,44,318
220,45,92259
221,45,4011
222,45,44191
223,45,58559
224,45,48516
225,46,527
226,46,593
227,46,110
228,46,356
229,46,318
230,47,2324
231,47,553
232,47,1172
233,47,899
234,47,356
235,48,457
236,48,110
237,48,2571
238,48,356
239,48,318
240,49,110
241,49,50
242,49,296
243,49,2571
244,49,318
245,50,1228
246,50,1178
247,50,2300
248,50,2908
249,50,1203
250,51,253
251,51,778
252,51,47
253,51,16
254,51,541
255,52,48516
256,52,2959
257,52,2571
258,52,58559
259,52,318
260,53,2571
261,53,110
262,53,50
263,53,356
264,53,318
265,54,110
266,54,593
267,54,527
268,54,356
269,54,318
270,55,2571
271,55,50
272,55,2959
273,55,318
274,55,296
275,56,593
276,56,2571
277,56,110
278,56,356
279,56,318
280,57,1136
281,57,5952
282,57,260
283,57,7153
284,57,4993
285,58,593
286,58,356
287,58,457
288,58,527
289,58,318
290,59,5618
291,59,1203
292,59,527
293,59,912
294,59,1262
295,60,457
296,60,593
297,60,356
298,60,527
299,60,318
300,61,2571
301,61,2959
302,61,50
303,61,318
304,61,296
305,62,48516
306,62,2324
307,62,2542
308,62,553
309,62,1172
310,63,58559
311,63,318
312,63,2959
313,63,1080
314,63,7361
315,64,5618
316,64,1203
317,64,1223
318,64,1262
319,64,1104
320,65,2571
321,65,2959
322,65,50
323,65,296
324,65,318
325,66,1104
326,66,1223
327,66,27611
328,66,2324
329,66,92259
330,67,2571
331,67,50
332,67,356
333,67,296
334,67,318
335,68,76093
336,68,81834
337,68,3793
338,68,54001
339,68,89745
340,69,50
341,69,296
342,69,2571
343,69,110
344,69,318
345,70,260
346,70,7153
347,70,4993
348,70,527
349,70,318
350,71,110
351,71,780
352,71,318
353,71,457
354,71,356
355,72,50
356,72,2571
357,72,110
358,72,296
359,72,318
360,73,60069
361,73,7361
362,73,44191
363,73,48516
364,73,58559
365,74,1104
366,74,912
367,74,527
368,74,318
369,74,1203
370,75,5952
371,75,7153
372,75,457
373,75,4993
374,75,260
375,76,858
376,76,778
377,76,2959
378,76,1200
379,76,296
380,77,318
381,77,1198
382,77,2571
383,77,457
384,77,260
385,78,1198
386,78,2571
387,78,260
388,78,457
389,78,318
390,79,527
391,79,4993
392,79,7153
393,79,318
394,79,260
395,80,553
396,80,2329
397,80,1704
398,80,92259
399,80,2324
400,81,2571
401,81,296
402,81,593
403,81,318
404,81,110
405,82,69757
406,82,33794
407,82,6934
408,82,91529
409,82,69122
410,83,2959
411,83,527
412,83,50
413,83,318
414,83,296
415,84,608
416,84,593
417,84,912
418,84,318
419,84,527
420,85,608
421,85,5618
422,85,260
423,85,527
424,85,318
425,86,50
426,86,110
427,86,2571
428,86,356
429,86,318
430,87,593
431,87,527
432,87,50
433,87,296
434,87,318
435,88,2571
436,88,2959
437,88,50
438,88,318
439,88,296
440,89,6934
441,89,26614
442,89,5378
443,89,1299
444,89,1805
445,90,608
446,90,593
447,90,50
448,90,527
449,90,318
450,91,858
451,91,7153
452,91,3703
453,91,2288
454,91,4993
455,92,593
456,92,2571
457,92,527
458,92,356
459,92,318
460,93,260
461,93,356
462,93,110
463,93,318
464,93,2571
465,94,2571
466,94,356
467,94,457
468,94,110
469,94,318
470,95,858
471,95,260
472,95,5952
473,95,7153
474,95,4993
475,96,50
476,96,527
477,96,593
478,96,296
479,96,318
480,97,356
481,97,110
482,97,457
483,97,318
484,97,2571
485,98,296
486,98,356
487,98,2959
488,98,58559
489,98,318
490,99,593
491,99,527
492,99,110
493,99,356
494,99,318
495,100,6377
496,100,4306
497,100,1197
498,100,356
499,100,318
500,101,527
501,101,2959
502,101,50
503,101,318
504,101,296
505,102,593
506,102,527
507,102,110
508,102,356
509,102,318
510,103,74458
511,103,1104
512,103,778
513,103,1172
514,103,2324
515,104,1272
516,104,912
517,104,899
518,104,1262
519,104,1035
520,105,520
521,105,719
522,105,3176
523,105,1912
524,105,2710
525,106,2571
526,106,457
527,106,260
528,106,58559
529,106,318
530,107,593
531,107,527
532,107,110
533,107,318
534,107,356
535,108,296
536,108,4973
537,108,2324
538,108,527
539,108,318
540,109,593
541,109,50
542,109,527
543,109,356
544,109,318
545,110,2959
546,110,527
547,110,50
548,110,296
549,110,318
550,111,899
551,111,93510
552,111,122904
553,111,112
554,111,344
555,112,58559
556,112,50
557,112,2959
558,112,296
559,112,2571
560,113,912
561,113,1203
562,113,1035
563,113,953
564,113,1262
565,114,50
566,114,58559
567,114,2571
568,114,296
569,114,318
570,115,1196
571,115,260
572,115,5952
573,115,7153
574,115,4993
575,116,2571
576,116,457
577,116,318
578,116,110
579,116,356
580,117,593
581,117,260
582,117,527
583,117,356
584,117,318
585,118,593
586,118,527
587,118,50
588,118,296
589,118,318
590,119,92259
591,119,1704
592,119,2324
593,119,1172
594,119,553
595,120,457
596,120,527
597,120,110
598,120,356
599,120,318
600,121,527
601,121,593
602,121,110
603,121,356
604,121,318
605,122,2324
606,122,1104
607,122,318
608,122,296
609,122,2959
610,123,50
611,123,296
612,123,58559
613,123,2959
614,123,318
615,124,527
616,124,2959
617,124,50
618,124,296
619,124,318
620,125,92535
621,125,306
622,125,5103
623,125,932
624,125,1104
625,126,110
626,126,150
627,126,318
628,126,457
629,126,356
630,127,50
631,127,7153
632,127,527
633,127,260
634,127,318
635,128,593
636,128,50
637,128,260
638,128,527
639,128,318
640,129,2329
641,129,58559
642,129,2571
643,129,356
644,129,318
645,130,593
646,130,2571
647,130,356
648,130,318
649,130,110
650,131,858
651,131,527
652,131,50
653,131,318
654,131,296
655,132,1172
656,132,4973
657,132,92259
658,132,318
659,132,2324
660,133,593
661,133,50
662,133,356
663,133,527
664,133,318
665,134,527
666,134,593
667,134,318
668,134,356
669,134,110
670,135,858
671,135,296
672,135,5618
673,135,4993
674,135,7153
675,136,527
676,136,62
677,136,318
678,136,110
679,136,356
680,137,260
681,137,858
682,137,5952
683,137,7153
684,137,4993
685,138,356
686,138,50
687,138,593
688,138,527
689,138,318
690,139,1196
691,139,260
692,139,7153
693,139,5952
694,139,4993
695,140,27611
696,140,954
697,140,1035
698,140,1272
699,140,1721
700,141,296
701,141,50
702,141,2959
703,141,58559
704,141,318
705,142,110
706,142,356
707,142,527
708,142,593
709,142,318
710,143,595
711,143,597
712,143,364
713,143,333
714,143,356
715,144,260
716,144,50
717,144,527
718,144,356
719,144,318
720,145,593
721,145,527
722,145,110
723,145,356
724,145,318
725,146,50
726,146,593
727,146,527
728,146,356
729,146,318
730,147,593
731,147,457
732,147,260
733,147,2571
734,147,318
735,148,2959
736,148,68954
737,148,356
738,148,58559
739,148,318
740,149,318
741,149,593
742,149,2571
743,149,110
744,149,296
745,150,527
746,150,593
747,150,110
748,150,356
749,150,318
750,151,1
751,151,260
752,151,457
753,151,356
754,151,318
755,152,527
756,152,2959
757,152,50
758,152,318
759,152,296
760,153,3949
761,153,4144
762,153,5992
763,153,94959
764,153,89904
765,154,260
766,154,2959
767,154,2571
768,154,58559
769,154,318
770,155,1198
771,155,457
772,155,260
773,155,318
774,155,2571
775,156,3949
776,156,27611
777,156,296
778,156,1203
779,156,898
780,157,2571
781,157,356
782,157,50
783,157,296
784,157,318
785,158,50
786,158,296
787,158,110
788,158,2571
789,158,318
790,159,8368
791,159,318
792,159,356
793,159,4306
794,159,6377
795,160,2858
796,160,2959
797,160,7361
798,160,318
799,160,296
800,161,457
801,161,356
802,161,527
803,161,260
804,161,318
805,162,110
806,162,593
807,162,527
808,162,356
809,162,318
810,163,2571
811,163,110
812,163,527
813,163,356
814,163,318
815,164,457
816,164,318
817,164,2571
818,164,593
819,164,110
820,165,356
821,165,58559
822,165,260
823,165,2571
824,165,318
825,166,60069
826,166,7153
827,166,4993
828,166,318
829,166,58559
830,167,8368
831,167,1136
832,167,5952
833,167,7153
834,167,4993
835,168,318
836,168,5618
837,168,608
838,168,858
839,168,296
840,169,912
841,169,1172
842,169,1262
843,169,92259
844,169,1272
845,170,593
846,170,527
847,170,110
848,170,318
849,170,356
850,171,356
851,171,296
852,171,50
853,171,527
854,171,318
855,172,356
856,172,2571
857,172,50
858,172,260
859,172,318
860,173,110
861,173,593
862,173,527
863,173,356
864,173,318
865,174,2571
866,174,593
867,174,110
868,174,318
869,174,356
870,175,68954
871,175,6377
872,175,1197
873,175,92259
874,175,318
875,176,457
876,176,593
877,176,110
878,176,356
879,176,318
880,177,1
881,177,69481
882,177,912
883,177,318
884,177,899
885,178,527
886,178,2959
887,178,50
888,178,318
889,178,296
890,179,527
891,179,593
892,179,110
893,179,356
894,179,318
895,180,2571
896,180,50
897,180,260
898,180,296
899,180,318
900,181,150
901,181,527
902,181,62
903,181,457
904,181,356
905,182,74458
906,182,89904
907,182,1299
908,182,357
909,182,2908
910,183,457
911,183,260
912,183,527
913,183,593
914,183,318
915,184,27773
916,184,1080
917,184,7361
918,184,2959
919,184,296
920,185,260
921,185,50
922,185,527
923,185,356
924,185,318
925,186,1197
926,186,912
927,186,1262
928,186,1223
929,186,1272
930,187,3468
931,187,101
932,187,306
933,187,1199
934,187,1732
935,188,1197
936,188,260
937,188,356
938,188,527
939,188,318
940,189,260
941,189,2571
942,189,50
943,189,296
944,189,318
945,190,527
946,190,58559
947,190,296
948,190,50
949,190,318
950,191,858
951,191,5618
952,191,7153
953,191,608
954,191,4993
955,192,593
956,192,457
957,192,318
958,192,110
959,192,356
960,193,4993
961,193,858
962,193,50
963,193,318
964,193,296
965,194,50
966,194,356
967,194,593
968,194,527
969,194,318
970,195,50
971,195,2324
972,195,2571
973,195,318
974,195,296
975,196,50
976,196,110
977,196,2571
978,196,356
979,196,318
980,197,296
981,197,2571
982,197,50
983,197,260
984,197,318
985,198,3147
986,198,364
987,198,527
988,198,356
989,198,318
990,199,1250
991,199,750
992,199,4993
993,199,1136
994,199,858
995,200,48516
996,200,58559
997,200,92259
998,200,68954
999,200,318
1000,201,260
1001,201,457
1002,201,527
1003,201,356
1004,201,318
1005,202,912
1006,202,1204
1007,202,5952
1008,202,7153
1009,202,4993
1010,203,296
1011,203,50
1012,203,260
1013,203,2571
1014,203,318
1015,204,47
1016,204,50
1017,204,2959
1018,204,318
1019,204,296
1020,205,296
1021,205,2571
1022,205,50
1023,205,58559
1024,205,318
1025,206,50
1026,206,593
1027,206,356
1028,206,527
1029,206,318
1030,207,2571
1031,207,593
1032,207,50
1033,207,318
1034,207,296
1035,208,50
1036,208,2571
1037,208,356
1038,208,110
1039,208,318
1040,209,2959
1041,209,2571
1042,209,50
1043,209,318
1044,209,296
1045,210,69757
1046,210,1266
1047,210,8368
1048,210,54001
1049,210,40815
1050,211,50
1051,211,58559
1052,211,2571
1053,211,356
1054,211,318
1055,212,177593
1056,212,92535
1057,212,105504
1058,212,1172
1059,212,1104
1060,213,2329
1061,213,92259
1062,213,2324
1063,213,2571
1064,213,318
1065,214,593
1066,214,527
1067,214,457
1068,214,356
1069,214,318
1070,215,58559
1071,215,1270
1072,215,356
1073,215,1197
1074,215,318
1075,216,527
1076,216,750
1077,216,608
1078,216,4993
1079,216,858
1080,217,1610
1081,217,1387
1082,217,457
1083,217,1250
1084,217,1376
1085,218,593
1086,218,50
1087,218,527
1088,218,296
1089,218,318
1090,219,1136
1091,219,58559
1092,219,7361
1093,219,2959
1094,219,296
1095,220,5952
1096,220,7153
1097,220,318
1098,220,4993
1099,220,260
1100,221,44555
1101,221,81591
1102,221,306
1103,221,1104
1104,221,1732
1105,222,58559
1106,222,7153
1107,222,48516
1108,222,4993
1109,222,60069
1110,223,260
1111,223,7153
1112,223,4993
1113,223,58559
1114,223,318
1115,224,260
1116,224,1270
1117,224,356
1118,224,527
1119,224,318
1120,225,110
1121,225,260
1122,225,2571
1123,225,356
1124,225,318
1125,226,60069
1126,226,4993
1127,226,7153
1128,226,1136
1129,226,1080
1130,227,48516
1131,227,50
1132,227,2959
1133,227,296
1134,227,318
1135,228,356
1136,228,593
1137,228,318
1138,228,110
1139,228,2571
1140,229,593
1141,229,110
1142,229,356
1143,229,527
1144,229,318
1145,230,44191
1146,230,54286
1147,230,69122
1148,230,4963
1149,230,91529
1150,231,110
1151,231,50
1152,231,318
1153,231,2571
1154,231,296
1155,232,1704
1156,232,296
1157,232,74458
1158,232,91658
1159,232,2324
1160,233,527
1161,233,2959
1162,233,50
1163,233,296
1164,233,318
1165,234,553
1166,234,527
1167,234,593
1168,234,318
1169,234,356
1170,235,110
1171,235,593
1172,235,356
1173,235,527
1174,235,318
1175,236,593
1176,236,2571
1177,236,50
1178,236,296
1179,236,318
1180,237,110
1181,237,50
1182,237,2571
1183,237,296
1184,237,318
1185,238,92259
1186,238,1172
1187,238,5952
1188,238,4993
1189,238,7153
1190,239,2959
1191,239,2324
1192,239,296
1193,239,2571
1194,239,318
1195,240,1
1196,240,364
1197,240,780
1198,240,318
1199,240,356
1200,241,7361
1201,241,4973
1202,241,318
1203,241,2959
1204,241,296
1205,242,593
1206,242,296
1207,242,356
1208,242,110
1209,242,318
1210,243,457
1211,243,1
1212,243,110
1213,243,318
1214,243,356
1215,244,858
1216,244,7153
1217,244,260
1218,244,5952
1219,244,4993
1220,245,593
1221,245,50
1222,245,527
1223,245,260
1224,245,318
1225,246,7153
1226,246,1104
1227,246,1172
1228,246,1272
1229,246,92259
1230,247,58559
1231,247,296
1232,247,50
1233,247,356
1234,247,318
1235,248,91529
1236,248,68954
1237,248,356
1238,248,58559
1239,248,318
1240,249,86377
1241,249,3535
1242,249,932
1243,249,86345
1244,249,92535
1245,250,110
1246,250,593
1247,250,356
1248,250,527
1249,250,318
1250,251,593
1251,251,527
1252,251,50
1253,251,296
1254,251,318
1255,252,58559
1256,252,50
1257,252,527
1258,252,356
1259,252,318
1260,253,858
1261,253,50
1262,253,527
1263,253,296
1264,253,318
1265,254,2324
1266,254,50
1267,254,2959
1268,254,318
1269,254,296
1270,255,7153
1271,255,58559
1272,255,318
1273,255,4993
1274,255,260
1275,256,2324
1276,256,333
1277,256,318
1278,256,1704
1279,256,356
1280,257,527
1281,257,593
1282,257,110
1283,257,356
1284,257,318
1285,258,356
1286,258,2571
1287,258,50
1288,258,296
1289,258,318
1290,259,4973
1291,259,4011
1292,259,50
1293,259,296
1294,259,318
1295,260,912
1296,260,260
1297,260,593
1298,260,318
1299,260,527
1300,261,2571
1301,261,2959
1302,261,50
1303,261,318
1304,261,296
1305,262,593
1306,262,260
1307,262,50
1308,262,527
1309,262,318
1310,263,912
1311,263,593
1312,263,356
1313,263,527
1314,263,318
1315,264,1270
1316,264,1198
1317,264,318
1318,264,260
1319,264,457
1320,265,1196
1321,265,7153
1322,265,5952
1323,265,4993
1324,265,260
1325,266,7153
1326,266,2959
1327,266,858
1328,266,4993
1329,266,296
1330,267,110
1331,267,527
1332,267,457
1333,267,356
1334,267,318
1335,268,4993
1336,268,750
1337,268,296
1338,268,1136
1339,268,858
1340,269,593
1341,269,527
1342,269,110
1343,269,356
1344,269,318
1345,270,50
1346,270,593
1347,270,356
1348,270,527
1349,270,318
1350,271,593
1351,271,50
1352,271,296
1353,271,260
1354,271,318
1355,272,50
1356,272,356
1357,272,296
1358,272,2571
1359,272,318
1360,273,593
1361,273,50
1362,273,356
1363,273,527
1364,273,318
1365,274,3535
1366,274,86377
1367,274,86345
1368,274,47
1369,274,92535
1370,275,2239
1371,275,541
1372,275,1204
1373,275,1250
1374,275,27611
1375,276,2571
1376,276,110
1377,276,457
1378,276,356
1379,276,318
1380,277,593
1381,277,2571
1382,277,110
1383,277,356
1384,277,318
1385,278,593
1386,278,50
1387,278,356
1388,278,527
1389,278,318
1390,279,47
1391,279,50
1392,279,2571
1393,279,2959
1394,279,296
1395,280,356
1396,280,1172
1397,280,92259
1398,280,318
1399,280,2324
1400,281,58559
1401,281,296
1402,281,50
1403,281,2571
1404,281,318
1405,282,50
1406,282,2324
1407,282,527
1408,282,356
1409,282,318
1410,283,50
1411,283,2571
1412,283,356
1413,283,110
1414,283,318
1415,284,2571
1416,284,457
1417,284,110
1418,284,318
1419,284,356
1420,285,593
1421,285,296
1422,285,50
1423,285,527
1424,285,318
1425,286,2571
1426,286,2959
1427,286,50
1428,286,318
1429,286,296
1430,287,296
1431,287,1732
1432,287,1080
1433,287,5618
1434,287,1199
1435,288,912
1436,288,58559
1437,288,1247
1438,288,1136
1439,288,1203
1440,289,527
1441,289,593
1442,289,50
1443,289,296
1444,289,318
1445,290,1207
1446,290,5618
1447,290,1262
1448,290,1203
1449,290,912
1450,291,8368
1451,291,457
1452,291,1356
1453,291,318
1454,291,58559
1455,292,4306
1456,292,2572
1457,292,3916
1458,292,1272
1459,292,1376
1460,293,50
1461,293,356
1462,293,2571
1463,293,110
1464,293,318
1465,294,1374
1466,294,260
1467,294,5952
1468,294,7153
1469,294,4993
1470,295,110
1471,295,2959
1472,295,50
1473,295,318
1474,295,296
1475,296,2959
1476,296,527
1477,296,50
1478,296,296
1479,296,318
1480,297,858
1481,297,318
1482,297,2959
1483,297,50
1484,297,296
1485,298,8874
1486,298,3703
1487,298,7153
1488,298,1080
1489,298,4993
1490,299,50
1491,299,296
1492,299,110
1493,299,2571
1494,299,318
1495,300,2571
1496,300,2959
1497,300,50
1498,300,318
1499,300,296
1500,301,527
1501,301,2959
1502,301,50
1503,301,296
1504,301,318
1505,302,527
1506,302,50
1507,302,593
1508,302,296
1509,302,318
1510,303,4993
1511,303,457
1512,303,1198
1513,303,2571
1514,303,260
1515,304,457
1516,304,260
1517,304,7153
1518,304,4993
1519,304,5952
1520,305,2908
1521,305,1104
1522,305,2160
1523,305,2710
1524,305,1912
1525,306,899
1526,306,356
1527,306,105504
1528,306,1172
1529,306,553
1530,307,1183
1531,307,2959
1532,307,142488
1533,307,8874
1534,307,94959
1535,308,81834
1536,308,88125
1537,308,40815
1538,308,54001
1539,308,8368
1540,309,1197
1541,309,527
1542,309,318
1543,309,1203
1544,309,912
1545,310,1196
1546,310,260
1547,310,5952
1548,310,7153
1549,310,4993
1550,311,50
1551,311,4993
1552,311,858
1553,311,2959
1554,311,296
1555,312,5618
1556,312,858
1557,312,541
1558,312,7153
1559,312,4993
1560,313,1274
1561,313,778
1562,313,296
1563,313,1214
1564,313,1200
1565,314,457
1566,314,260
1567,314,356
1568,314,527
1569,314,318
1570,315,50
1571,315,593
1572,315,260
1573,315,527
1574,315,318
1575,316,356
1576,316,2959
1577,316,50
1578,316,296
1579,316,318
1580,317,47
1581,317,110
1582,317,50
1583,317,2959
1584,317,296
1585,318,520
1586,318,3176
1587,318,719
1588,318,1912
1589,318,2710
1590,319,260
1591,319,356
1592,319,50
1593,319,2571
1594,319,318
1595,320,2571
1596,320,7153
1597,320,260
1598,320,58559
1599,320,318
1600,321,457
1601,321,593
1602,321,110
1603,321,318
1604,321,356
1605,322,50
1606,322,356
1607,322,260
1608,322,527
1609,322,318
1610,323,50
1611,323,260
1612,323,356
1613,323,527
1614,323,318
1615,324,593
1616,324,527
1617,324,50
1618,324,296
1619,324,318
1620,325,296
1621,325,541
1622,325,608
1623,325,750
1624,325,858
1625,326,44191
1626,326,48516
1627,326,4878
1628,326,92259
1629,326,2324
1630,327,110
1631,327,356
1632,327,457
1633,327,2571
1634,327,318
1635,328,5618
1636,328,5952
1637,328,260
1638,328,7153
1639,328,4993
1640,329,778
1641,329,110
1642,329,527
1643,329,296
1644,329,593
1645,330,1136
1646,330,7361
1647,330,2959
1648,330,296
1649,330,318
1650,331,7361
1651,331,318
1652,331,50
1653,331,2959
1654,331,296
1655,332,858
1656,332,1197
1657,332,7153
1658,332,912
1659,332,318
1660,333,593
1661,333,110
1662,333,527
1663,333,356
1664,333,318
1665,334,4993
1666,334,58559
1667,334,7153
1668,334,1197
1669,334,318
1670,335,2571
1671,335,50
1672,335,110
1673,335,296
1674,335,318
1675,336,50
1676,336,296
1677,336,110
1678,336,2571
1679,336,318
1680,337,150
1681,337,110
1682,337,457
1683,337,318
1684,337,356
1685,338,2959
1686,338,527
1687,338,50
1688,338,318
1689,338,296
1690,339,1172
1691,339,2160
1692,339,1274
1693,339,778
1694,339,2324
1695,340,2571
1696,340,593
1697,340,356
1698,340,110
1699,340,318
1700,341,3147
1701,341,2324
1702,341,1704
1703,341,318
1704,341,356
1705,342,593
1706,342,2571
1707,342,356
1708,342,110
1709,342,318
1710,343,2959
1711,343,2571
1712,343,50
1713,343,296
1714,343,318
1715,344,1
1716,344,260
1717,344,457
1718,344,356
1719,344,318
1720,345,260
1721,345,593
1722,345,356
1723,345,527
1724,345,318
1725,346,3468
1726,346,4642
1727,346,1203
1728,346,306
1729,346,1104
1730,347,593
1731,347,110
1732,347,457
1733,347,318
1734,347,356
1735,348,593
1736,348,296
1737,348,50
1738,348,527
1739,348,318
1740,349,593
1741,349,527
1742,349,110
1743,349,356
1744,349,318
1745,350,2571
1746,350,110
1747,350,457
1748,350,356
1749,350,318
1750,351,2959
1751,351,47
1752,351,74458
1753,351,296
1754,351,2324
1755,352,296
1756,352,318
1757,352,2571
1758,352,110
1759,352,2324
1760,353,593
1761,353,50
1762,353,110
1763,353,296
1764,353,318
1765,354,593
1766,354,50
1767,354,2571
1768,354,356
1769,354,318
1770,355,457
1771,355,260
1772,355,527
1773,355,356
1774,355,318
1775,356,5618
1776,356,1262
1777,356,44555
1778,356,1104
1779,356,1172
1780,357,899
1781,357,318
1782,357,1262
1783,357,1223
1784,357,1104
1785,358,3147
1786,358,110
1787,358,527
1788,358,356
1789,358,318
1790,359,593
1791,359,110
1792,359,527
1793,359,356
1794,359,318
1795,360,527
1796,360,593
1797,360,2571
1798,360,110
1799,360,318
1800,361,333
1801,361,54286
1802,361,733
1803,361,6539
1804,361,91529
1805,362,2959
1806,362,7153
1807,362,858
1808,362,4993
1809,362,296
1810,363,110
1811,363,356
1812,363,50
1813,363,296
1814,363,318
1815,364,593
1816,364,457
1817,364,110
1818,364,356
1819,364,318
1820,365,5103
1821,365,2012
1822,365,2011
1823,365,6942
1824,365,61024
1825,366,260
1826,366,2571
1827,366,50
1828,366,296
1829,366,318
1830,367,1262
1831,367,595
1832,367,4306
1833,367,1272
1834,367,1035
1835,368,318
1836,368,608
1837,368,858
1838,368,593
1839,368,527
1840,369,7361
1841,369,48516
1842,369,296
1843,369,2959
1844,369,318
1845,370,356
1846,370,2571
1847,370,50
1848,370,296
1849,370,318
1850,371,2571
1851,371,2959
1852,371,50
1853,371,296
1854,371,318
1855,372,527
1856,372,260
1857,372,593
1858,372,2571
1859,372,318
1860,373,593
1861,373,296
1862,373,50
1863,373,318
1864,373,527
1865,374,50
1866,374,2571
1867,374,110
1868,374,318
1869,374,296
1870,375,110
1871,375,2571
1872,375,50
1873,375,296
1874,375,318
1875,376,2571
1876,376,527
1877,376,260
1878,376,356
1879,376,318
1880,377,1204
1881,377,7153
1882,377,4993
1883,377,1250
1884,377,858
1885,378,356
1886,378,2571
1887,378,50
1888,378,296
1889,378,318
1890,379,527
1891,379,318
1892,379,593
1893,379,356
1894,379,110
1895,380,3703
1896,380,86345
1897,380,86377
1898,380,6857
1899,380,92535
1900,381,899
1901,381,318
1902,381,69757
1903,381,2324
1904,381,92259
1905,382,4993
1906,382,92259
1907,382,1104
1908,382,7153
1909,382,318
1910,383,457
1911,383,593
1912,383,356
1913,383,527
1914,383,318
1915,384,593
1916,384,50
1917,384,296
1918,384,527
1919,384,318
1920,385,858
1921,385,260
1922,385,5952
1923,385,7153
1924,385,4993
1925,386,356
1926,386,296
1927,386,50
1928,386,527
1929,386,318
1930,387,858
1931,387,27611
1932,387,4848
1933,387,2710
1934,387,296
1935,388,91529
1936,388,92259
1937,388,1704
1938,388,356
1939,388,318
1940,389,457
1941,389,593
1942,389,110
1943,389,356
1944,389,318
1945,390,4973
1946,390,50
1947,390,318
1948,390,296
1949,390,2959
1950,391,953
1951,391,1262
1952,391,608
1953,391,5618
1954,391,1203
1955,392,110
1956,392,2571
1957,392,50
1958,392,296
1959,392,318
1960,393,6539
1961,393,88125
1962,393,81834
1963,393,58559
1964,393,8368
1965,394,50
1966,394,593
1967,394,356
1968,394,318
1969,394,110
1970,395,780
1971,395,457
1972,395,110
1973,395,318
1974,395,356
1975,396,296
1976,396,260
1977,396,50
1978,396,527
1979,396,318
1980,397,608
1981,397,50
1982,397,296
1983,397,527
1984,397,318
1985,398,356
1986,398,50
1987,398,260
1988,398,527
1989,398,318
1990,399,2571
1991,399,527
1992,399,457
1993,399,260
1994,399,318
1995,400,110
1996,400,2571
1997,400,50
1998,400,318
1999,400,296
2000,401,48516
2001,401,2324
2002,401,58559
2003,401,92259
2004,401,318
2005,402,457
2006,402,593
2007,402,110
2008,402,318
2009,402,356
2010,403,110
2011,403,2571
2012,403,50
2013,403,296
2014,403,318
2015,404,593
2016,404,527
2017,404,110
2018,404,356
2019,404,318
2020,405,858
2021,405,2324
2022,405,1104
2023,405,296
2024,405,318
2025,406,110
2026,406,364
2027,406,457
2028,406,318
2029,406,356
2030,407,260
2031,407,50
2032,407,2571
2033,407,318
2034,407,296
2035,408,60069
2036,408,1172
2037,408,4993
2038,408,92259
2039,408,7153
2040,409,858
2041,409,5952
2042,409,5618
2043,409,7153
2044,409,4993
2045,410,3037
2046,410,1272
2047,410,953
2048,410,912
2049,410,1262
2050,411,527
2051,411,593
2052,411,110
2053,411,318
2054,411,356
2055,412,260
2056,412,858
2057,412,5952
2058,412,7153
2059,412,4993
2060,413,58559
2061,413,2571
2062,413,457
2063,413,356
2064,413,318
2065,414,1962
2066,414,955
2067,414,1203
2068,414,1283
2069,414,1183
2070,415,858
2071,415,527
2072,415,50
2073,415,296
2074,415,318
2075,416,2858
2076,416,50
2077,416,1199
2078,416,2959
2079,416,296
2080,417,2571
2081,417,2959
2082,417,50
2083,417,318
2084,417,296
2085,418,4973
2086,418,2959
2087,418,50
2088,418,318
2089,418,296
2090,419,4963
2091,419,44191
2092,419,54286
2093,419,33794
2094,419,3578
2095,420,5618
2096,420,1197
2097,420,4993
2098,420,7153
2099,420,318
2100,421,260
2101,421,50
2102,421,296
2103,421,527
2104,421,318
2105,422,527
2106,422,318
2107,422,5952
2108,422,4993
2109,422,260
2110,423,356
2111,423,527
2112,423,110
2113,423,593
2114,423,318
2115,424,356
2116,424,1172
2117,424,92259
2118,424,318
2119,424,2324
2120,425,1704
2121,425,2329
2122,425,92259
2123,425,318
2124,425,2324
2125,426,364
2126,426,457
2127,426,1
2128,426,356
2129,426,318
2130,427,318
2131,427,7153
2132,427,858
2133,427,4993
2134,427,296
2135,428,1206
2136,428,1199
2137,428,2959
2138,428,1732
2139,428,296
2140,429,110
2141,429,593
2142,429,527
2143,429,318
2144,429,356
2145,430,2959
2146,430,2571
2147,430,50
2148,430,296
2149,430,318
2150,431,260
2151,431,527
2152,431,296
2153,431,50
2154,431,318
2155,432,8533
2156,432,27611
2157,432,69757
2158,432,92259
2159,432,2324
2160,433,593
2161,433,2571
2162,433,50
2163,433,318
2164,433,296
2165,434,1221
2166,434,858
2167,434,2959
2168,434,50
2169,434,296
2170,435,2571
2171,435,110
2172,435,50
2173,435,356
2174,435,318
2175,436,260
2176,436,457
2177,436,318
2178,436,527
2179,436,356
2180,437,7153
2181,437,318
2182,437,260
2183,437,858
2184,437,4993
2185,438,1210
2186,438,1356
2187,438,260
2188,438,1196
2189,438,1198
2190,439,2571
2191,439,296
2192,439,260
2193,439,50
2194,439,318
2195,440,2571
2196,440,527
2197,440,50
2198,440,318
2199,440,296
2200,441,318
2201,441,7153
2202,441,2959
2203,441,4993
2204,441,58559
2205,442,50
2206,442,260
2207,442,356
2208,442,527
2209,442,318
2210,443,527
2211,443,356
2212,443,58559
2213,443,260
2214,443,318
2215,444,593
2216,444,50
2217,444,527
2218,444,296
2219,444,318
2220,445,858
2221,445,318
2222,445,2959
2223,445,50
2224,445,296
2225,446,356
2226,446,110
2227,446,593
2228,446,527
2229,446,318
2230,447,457
2231,447,527
2232,447,110
2233,447,356
2234,447,318
2235,448,1250
2236,448,1207
2237,448,1282
2238,448,953
2239,448,1203
2240,449,593
2241,449,527
2242,449,50
2243,449,318
2244,449,296
2245,450,50
2246,450,593
2247,450,110
2248,450,2571
2249,450,318
2250,451,296
2251,451,50
2252,451,593
2253,451,527
2254,451,318
2255,452,92259
2256,452,2329
2257,452,2571
2258,452,356
2259,452,318
2260,453,1136
2261,453,68954
2262,453,58559
2263,453,48516
2264,453,318
2265,454,858
2266,454,593
2267,454,50
2268,454,318
2269,454,296
2270,455,593
2271,455,527
2272,455,110
2273,455,356
2274,455,318
2275,456,593
2276,456,527
2277,456,356
2278,456,457
2279,456,318
2280,457,457
2281,457,50
2282,457,2571
2283,457,260
2284,457,318
2285,458,457
2286,458,593
2287,458,110
2288,458,318
2289,458,356
2290,459,356
2291,459,2571
2292,459,296
2293,459,50
2294,459,318
2295,460,260
2296,460,50
2297,460,2571
2298,460,58559
2299,460,318
2300,461,50
2301,461,110
2302,461,527
2303,461,356
2304,461,318
2305,462,1080
2306,462,1212
2307,462,913
2308,462,2300
2309,462,3030
2310,463,50
2311,463,296
2312,463,110
2313,463,318
2314,463,2571
2315,464,2324
2316,464,296
2317,464,2571
2318,464,318
2319,464,110
2320,465,1221
2321,465,608
2322,465,858
2323,465,527
2324,465,318
2325,466,3578
2326,466,68954
2327,466,58559
2328,466,318
2329,466,91529
2330,467,593
2331,467,50
2332,467,356
2333,467,527
2334,467,318
2335,468,527
2336,468,593
2337,468,110
2338,468,356
2339,468,318
2340,469,608
2341,469,5952
2342,469,7153
2343,469,541
2344,469,4993
2345,470,593
2346,470,110
2347,470,527
2348,470,356
2349,470,318
2350,471,527
2351,471,2959
2352,471,50
2353,471,296
2354,471,318
2355,472,110
2356,472,50
2357,472,2571
2358,472,356
2359,472,318
2360,473,356
2361,473,50
2362,473,2959
2363,473,318
2364,473,296
2365,474,81834
2366,474,76093
2367,474,91500
2368,474,68157
2369,474,96079
2370,475,1210
2371,475,110
2372,475,356
2373,475,318
2374,475,2571
2375,476,457
2376,476,593
2377,476,356
2378,476,527
2379,476,318
2380,477,92259
2381,477,1274
2382,477,104879
2383,477,27611
2384,477,2324
2385,478,356
2386,478,457
2387,478,110
2388,478,2571
2389,478,318
2390,479,1035
2391,479,1203
2392,479,912
2393,479,1262
2394,479,5618
2395,480,912
2396,480,527
2397,480,4226
2398,480,4973
2399,480,318
2400,481,593
2401,481,527
2402,481,356
2403,481,110
2404,481,318
2405,482,91529
2406,482,318
2407,482,2571
2408,482,457
2409,482,58559
2410,483,7361
2411,483,8874
2412,483,94959
2413,483,46578
2414,483,1080
2415,484,953
2416,484,1270
2417,484,8368
2418,484,6942
2419,484,1262
2420,485,457
2421,485,593
2422,485,110
2423,485,356
2424,485,318
2425,486,593
2426,486,457
2427,486,110
2428,486,356
2429,486,318
2430,487,260
2431,487,527
2432,487,50
2433,487,296
2434,487,318
2435,488,4993
2436,488,7153
2437,488,1197
2438,488,58559
2439,488,318
2440,489,25
2441,489,5618
2442,489,356
2443,489,1183
2444,489,318
2445,490,2858
2446,490,318
2447,490,50
2448,490,2959
2449,490,296
2450,491,364
2451,491,58559
2452,491,6377
2453,491,356
2454,491,318
2455,492,91529
2456,492,6539
2457,492,8368
2458,492,356
2459,492,6377
2460,493,2571
2461,493,50
2462,493,260
2463,493,318
2464,493,296
2465,494,318
2466,494,50
2467,494,110
2468,494,2571
2469,494,296
2470,495,47
2471,495,318
2472,495,2324
2473,495,2959
2474,495,296
2475,496,2571
2476,496,2959
2477,496,50
2478,496,296
2479,496,318
2480,497,47
2481,497,2959
2482,497,50
2483,497,318
2484,497,296
2485,498,527
2486,498,110
2487,498,457
2488,498,356
2489,498,318
2490,499,858
2491,499,7153
2492,499,50
2493,499,260
2494,499,318
2495,500,2959
2496,500,318
2497,500,858
2498,500,4993
2499,500,296
2500,501,780
2501,501,457
2502,501,110
2503,501,318
2504,501,356
2505,502,593
2506,502,260
2507,502,50
2508,502,318
2509,502,296
2510,503,50
2511,503,608
2512,503,296
2513,503,527
2514,503,318
2515,504,50
2516,504,593
2517,504,356
2518,504,527
2519,504,318
2520,505,2959
2521,505,260
2522,505,50
2523,505,296
2524,505,318
2525,506,527
2526,506,50
2527,506,356
2528,506,296
2529,506,318
2530,507,527
2531,507,593
2532,507,110
2533,507,356
2534,507,318
2535,508,50
2536,508,260
2537,508,527
2538,508,356
2539,508,318
2540,509,1223
2541,509,97304
2542,509,1172
2543,509,553
2544,509,1104
2545,510,750
2546,510,5952
2547,510,7153
2548,510,858
2549,510,4993
2550,511,2959
2551,511,50
2552,511,2571
2553,511,296
2554,511,318
2555,512,527
2556,512,593
2557,512,356
2558,512,110
2559,512,318
2560,513,593
2561,513,50
2562,513,527
2563,513,260
2564,513,318
2565,514,745
2566,514,318
2567,514,1262
2568,514,912
2569,514,1223
2570,515,58559
2571,515,2571
2572,515,50
2573,515,296
2574,515,318
2575,516,457
2576,516,593
2577,516,260
2578,516,527
2579,516,318
2580,517,1
2581,517,1028
2582,517,500
2583,517,6942
2584,517,48
2585,518,110
2586,518,2571
2587,518,296
2588,518,50
2589,518,318
2590,519,457
2591,519,110
2592,519,2571
2593,519,356
2594,519,318
2595,520,356
2596,520,7153
2597,520,1197
2598,520,260
2599,520,318
2600,521,593
2601,521,110
2602,521,527
2603,521,356
2604,521,318
2605,522,48516
2606,522,2571
2607,522,79132
2608,522,2959
2609,522,296
2610,523,50
2611,523,2571
2612,523,2959
2613,523,356
2614,523,318
2615,524,457
2616,524,7153
2617,524,5952
2618,524,4993
2619,524,260
2620,525,2324
2621,525,356
2622,525,92259
2623,525,1104
2624,525,318
2625,526,4973
2626,526,296
2627,526,2959
2628,526,50
2629,526,318
2630,527,589
2631,527,593
2632,527,5952
2633,527,1272
2634,527,2571
2635,528,356
2636,528,296
2637,528,318
2638,528,2571
2639,528,110
2640,529,2571
2641,529,457
2642,529,110
2643,529,356
2644,529,318
2645,530,527
2646,530,593
2647,530,110
2648,530,356
2649,530,318
2650,531,527
2651,531,2571
2652,531,457
2653,531,260
2654,531,318
2655,532,260
2656,532,50
2657,532,593
2658,532,2571
2659,532,318
2660,533,2959
2661,533,2571
2662,533,50
2663,533,318
2664,533,296
2665,534,1357
2666,534,2160
2667,534,1274
2668,534,553
2669,534,610
2670,535,527
2671,535,2959
2672,535,50
2673,535,318
2674,535,296
2675,536,110
2676,536,593
2677,536,527
2678,536,356
2679,536,318
2680,537,4011
2681,537,3578
2682,537,318
2683,537,91529
2684,537,58559
2685,538,50
2686,538,260
2687,538,527
2688,538,356
2689,538,318
2690,539,457
2691,539,2571
2692,539,260
2693,539,58559
2694,539,318
2695,540,110
2696,540,50
2697,540,296
2698,540,2571
2699,540,318
2700,541,110
2701,541,593
2702,541,527
2703,541,318
2704,541,457
2705,542,2571
2706,542,527
2707,542,110
2708,542,318
2709,542,356
2710,543,1210
2711,543,2571
2712,543,260
2713,543,356
2714,543,457
2715,544,110
2716,544,2571
2717,544,457
2718,544,356
2719,544,318
2720,545,2571
2721,545,356
2722,545,593
2723,545,457
2724,545,318
2725,546,1198
2726,546,7153
2727,546,5952
2728,546,4993
2729,546,2571
2730,547,2959
2731,547,318
2732,547,858
2733,547,50
2734,547,296
2735,548,296
2736,548,110
2737,548,2571
2738,548,356
2739,548,318
2740,549,2959
2741,549,50
2742,549,318
2743,549,2571
2744,549,296
2745,550,260
2746,550,2959
2747,550,2571
2748,550,58559
2749,550,318
2750,551,333
2751,551,364
2752,551,1704
2753,551,318
2754,551,356
2755,552,296
2756,552,5952
2757,552,858
2758,552,7153
2759,552,4993
2760,553,2324
2761,553,50
2762,553,2959
2763,553,318
2764,553,296
2765,554,3147
2766,554,593
2767,554,527
2768,554,318
2769,554,356
2770,555,593
2771,555,110
2772,555,590
2773,555,1183
2774,555,356
2775,556,356
2776,556,2571
2777,556,260
2778,556,58559
2779,556,318
2780,557,593
2781,557,110
2782,557,457
2783,557,356
2784,557,318
2785,558,4011
2786,558,7153
2787,558,4993
2788,558,318
2789,558,92259
2790,559,457
2791,559,593
2792,559,527
2793,559,260
2794,559,318
2795,560,86345
2796,560,92535
2797,560,1104
2798,560,296
2799,560,1912
2800,561,1196
2801,561,260
2802,561,5952
2803,561,7153
2804,561,4993
2805,562,553
2806,562,1272
2807,562,2324
2808,562,92259
2809,562,1172
2810,563,1272
2811,563,553
2812,563,1262
2813,563,899
2814,563,1172
2815,564,3967
2816,564,6942
2817,564,932
2818,564,1172
2819,564,105504
2820,565,356
2821,565,593
2822,565,296
2823,565,110
2824,565,318
2825,566,593
2826,566,356
2827,566,527
2828,566,110
2829,566,318
2830,567,296
2831,567,1136
2832,567,27773
2833,567,1203
2834,567,3030
2835,568,593
2836,568,296
2837,568,527
2838,568,50
2839,568,318
2840,569,593
2841,569,457
2842,569,110
2843,569,356
2844,569,318
2845,570,58559
2846,570,296
2847,570,50
2848,570,2571
2849,570,318
2850,571,356
2851,571,50
2852,571,527
2853,571,593
2854,571,318
2855,572,858
2856,572,318
2857,572,4993
2858,572,7153
2859,572,527
2860,573,1196
2861,573,7153
2862,573,4993
2863,573,1210
2864,573,2571
2865,574,2571
2866,574,593
2867,574,110
2868,574,356
2869,574,318
2870,575,2571
2871,575,527
2872,575,296
2873,575,50
2874,575,318
2875,576,2571
2876,576,2959
2877,576,50
2878,576,296
2879,576,318
2880,577,318
2881,577,4993
2882,577,7153
2883,577,5952
2884,577,260
2885,578,50
2886,578,2324
2887,578,527
2888,578,356
2889,578,318
2890,579,527
2891,579,2571
2892,579,457
2893,579,356
2894,579,318
2895,580,79132
2896,580,1200
2897,580,2959
2898,580,2571
2899,580,296
2900,581,527
2901,581,2571
2902,581,296
2903,581,50
2904,581,318
2905,582,50
2906,582,2959
2907,582,2571
2908,582,58559
2909,582,318
2910,583,6377
2911,583,3147
2912,583,364
2913,583,356
2914,583,318
2915,584,780
2916,584,150
2917,584,457
2918,584,110
2919,584,356
2920,585,356
2921,585,527
2922,585,50
2923,585,296
2924,585,318
2925,586,68358
2926,586,3753
2927,586,92259
2928,586,1172
2929,586,1266
2930,587,457
2931,587,356
2932,587,593
2933,587,318
2934,587,527
2935,588,527
2936,588,110
2937,588,50
2938,588,318
2939,588,296
2940,589,110
2941,589,593
2942,589,356
2943,589,527
2944,589,318
2945,590,1250
2946,590,1262
2947,590,1203
2948,590,260
2949,590,912
2950,591,356
2951,591,260
2952,591,2571
2953,591,318
2954,591,457
2955,592,527
2956,592,593
2957,592,110
2958,592,318
2959,592,356
2960,593,50
2961,593,593
2962,593,318
2963,593,296
2964,593,527
2965,594,7458
2966,594,3753
2967,594,597
2968,594,333
2969,594,3916
2970,595,593
2971,595,527
2972,595,50
2973,595,296
2974,595,318
2975,596,1104
2976,596,441
2977,596,1235
2978,596,1262
2979,596,1223
2980,597,1262
2981,597,541
2982,597,5952
2983,597,7153
2984,597,4993
2985,598,81834
2986,598,88125
2987,598,60069
2988,598,8368
2989,598,58559
2990,599,2858
2991,599,858
2992,599,1214
2993,599,1200
2994,599,296
2995,600,7153
2996,600,1080
2997,600,913
2998,600,8874
2999,600,5618
3000,601,260
3001,601,2571
3002,601,50
3003,601,58559
3004,601,318
3005,602,260
3006,602,50
3007,602,593
3008,602,527
3009,602,318
3010,603,2300
3011,603,2858
3012,603,296
3013,603,1203
3014,603,3030
3015,604,527
3016,604,110
3017,604,318
3018,604,593
3019,604,356
3020,605,1262
3021,605,1197
3022,605,8368
3023,605,1376
3024,605,1272
3025,606,46976
3026,606,72226
3027,606,81591
3028,606,1035
3029,606,92259
3030,607,110
3031,607,356
3032,607,1584
3033,607,2324
3034,607,593
3035,608,68157
3036,608,44191
3037,608,69757
3038,608,33493
3039,608,58998
3040,609,50
3041,609,593
3042,609,527
3043,609,356
3044,609,318
3045,610,25771
3046,610,1178
3047,610,1945
3048,610,1954
3049,610,1250
